{
  "manifest-bundle.zip": 1659675680799,
  "manifest.json": 1659675680790,
  "ext/controller/attachment.controller.js": 1659674985250,
  "utils/locate-reuse-libs.js": 1659671707857,
  "Component.js": 1659671707853,
  "i18n/i18n.properties": 1659671707857,
  "Component-preload.js": 1659675681001,
  "Component-dbg.js": 1659671707853,
  "utils/locate-reuse-libs-dbg.js": 1659671707857,
  "ext/controller/attachment-dbg.controller.js": 1659674985250,
  "ext/fragment/attachment.fragment.xml": 1659674934414,
  "annotations/annotation.xml": 1659671707861,
  "index.html": 1659673288201
}